,ID,F1B,F2A,F2B,I1,I2,I3,R1.1,R1.2,R1.3
0,https://bio.tools/18s_amplicon_sequencing,0,2,2,2,2,0,0,0,2
1,https://bio.tools/2passtools,0,2,2,2,2,2,2,0,2
2,https://bio.tools/ABS72,0,2,2,2,2,2,0,0,2
3,https://bio.tools/APA,1,2,2,2,2,2,2,0,2
4,https://bio.tools/APSiC,0,2,2,2,2,2,0,0,2
5,https://bio.tools/AVAILABILITYRibotricer,1,2,2,2,2,2,2,0,2
6,https://bio.tools/Ad-SGE-REIC,0,2,2,2,2,2,0,0,2
7,https://bio.tools/AluScanCNV2,1,2,1,2,1,2,0,0,1
8,https://bio.tools/Aneuvis,1,2,1,2,1,2,2,0,1
9,https://bio.tools/AnnotSV,0,2,1,2,1,2,2,0,1
10,https://bio.tools/AutoCloud,0,2,2,2,2,2,0,0,2
11,https://bio.tools/BOCS,0,2,1,2,1,2,2,0,1
12,https://bio.tools/BSAAs,0,2,2,2,2,2,0,0,2
13,https://bio.tools/BalLeRMix,0,2,1,2,1,2,2,0,1
14,https://bio.tools/Bio-DIA,0,2,2,2,2,2,0,0,2
15,https://bio.tools/CANDO,1,2,2,2,2,2,2,0,2
16,https://bio.tools/CASC,1,2,2,2,2,2,2,0,2
17,https://bio.tools/CCC-Tool,1,2,2,2,2,2,0,0,2
18,https://bio.tools/CFEA,1,2,2,2,2,2,0,0,2
19,https://bio.tools/CGAR,1,2,2,2,2,2,0,0,2
20,https://bio.tools/CINNA,1,2,1,2,1,2,2,0,1
21,https://bio.tools/CKS,1,2,2,2,2,2,0,0,2
22,https://bio.tools/CLASTR_autogenerated,1,2,2,2,2,2,2,0,2
23,https://bio.tools/CMVdb,1,2,2,2,2,2,0,0,2
24,https://bio.tools/CartograTree_autogenerated,0,2,2,2,2,2,0,0,2
25,https://bio.tools/CellBench,1,2,2,2,2,2,2,0,2
26,https://bio.tools/Cgrid,1,2,2,2,2,2,2,0,2
27,https://bio.tools/Chaetomium_thermophilum,0,2,2,2,2,2,0,0,2
28,https://bio.tools/Chipper,0,2,2,2,2,2,0,0,2
29,https://bio.tools/ChlamDB,1,2,2,2,2,2,0,0,2
30,https://bio.tools/CiDD,1,2,1,2,1,2,2,0,1
31,https://bio.tools/ClustR,1,2,2,2,2,2,0,0,2
32,https://bio.tools/CoSIMS,1,2,1,2,1,2,2,0,1
33,https://bio.tools/DataDiscovery,0,2,1,2,1,2,2,0,1
34,https://bio.tools/Data_Trends_Maps,1,2,2,2,2,2,0,0,2
35,https://bio.tools/DeepCLIP,0,2,1,2,1,2,2,0,1
36,https://bio.tools/DeepHLApan,1,2,2,2,2,2,2,0,2
37,https://bio.tools/DeepShape,1,2,2,2,2,2,0,0,2
38,https://bio.tools/Diversity_Workbench,0,2,1,2,1,2,2,0,1
39,https://bio.tools/DocMF,0,2,2,2,2,2,0,0,2
40,https://bio.tools/ECMarker,1,2,2,2,2,2,0,0,2
41,https://bio.tools/EWAS,0,2,1,2,1,2,2,0,1
42,https://bio.tools/EWCA,1,2,2,2,2,2,0,0,2
43,https://bio.tools/EnhancerDB,1,2,1,2,1,2,0,0,1
44,https://bio.tools/Enspara,1,2,1,2,1,2,2,0,1
45,https://bio.tools/EuroForMix,1,2,2,2,2,2,2,0,2
46,https://bio.tools/Flint,1,2,2,2,2,2,2,0,2
47,https://bio.tools/FlyCircuit,1,2,2,2,2,2,0,0,2
48,https://bio.tools/Flye,1,2,2,2,2,2,0,0,2
49,https://bio.tools/G-WIZ,1,2,2,2,2,2,0,0,2
50,https://bio.tools/GEO2R,1,2,2,2,2,2,0,0,2
51,https://bio.tools/GPCRmd,0,2,2,2,2,2,0,0,2
52,https://bio.tools/GRASE,1,2,2,2,2,2,0,0,2
53,https://bio.tools/GW6,0,2,1,2,1,0,0,0,1
54,https://bio.tools/GazeVisual-Lib,1,2,2,2,2,2,2,0,2
55,https://bio.tools/GeneBridge,1,2,2,2,2,2,2,0,2
56,https://bio.tools/GeneMarkS-T,0,2,2,2,2,0,0,0,2
57,https://bio.tools/GenePattern_notebook,1,2,1,2,1,2,2,0,1
58,https://bio.tools/GenomeFlow,0,2,1,2,1,2,0,0,1
59,https://bio.tools/Glycosylator,1,2,2,2,2,2,0,0,2
60,https://bio.tools/Hecaton,0,2,2,2,2,2,0,0,2
61,https://bio.tools/IDSM,0,2,1,2,1,2,0,0,1
62,https://bio.tools/IKAP_autogenerated,1,2,2,2,2,2,0,0,2
63,https://bio.tools/IMMUNOPHARMACOLOGY,1,2,2,2,2,2,0,0,2
64,https://bio.tools/IMPROV_CLASS,0,2,2,2,2,0,0,0,2
65,https://bio.tools/IMP_autogenerated,1,2,2,2,2,2,2,0,2
66,https://bio.tools/ISEtools,1,2,2,2,2,2,2,0,2
67,https://bio.tools/InferAMP,1,2,2,2,2,2,2,0,2
68,https://bio.tools/IsomiR_Find,1,2,2,2,2,2,0,0,2
69,https://bio.tools/JACOBI4,0,2,2,2,2,2,0,0,2
70,https://bio.tools/JUDI,1,2,2,2,2,2,2,0,2
71,https://bio.tools/LARMD,1,2,2,2,2,2,0,0,2
72,https://bio.tools/LD-annot,1,2,2,2,2,2,2,0,2
73,https://bio.tools/LaMMA,0,2,2,2,2,2,0,0,2
74,https://bio.tools/LinkPhinder,0,2,2,2,2,2,0,0,2
75,https://bio.tools/MAC-INMV-SSR,1,2,2,2,2,2,0,0,2
76,https://bio.tools/MAFFT,0,2,1,2,1,2,2,0,1
77,https://bio.tools/MAFFT_API_EBI,0,2,1,2,1,2,0,0,1
78,https://bio.tools/MAJIQ-SPEL,0,2,1,2,1,2,2,0,1
79,https://bio.tools/MBITES,0,2,2,2,2,2,0,0,2
80,https://bio.tools/MGLEX,0,2,2,2,2,2,2,0,2
81,https://bio.tools/MLC,0,2,1,2,1,2,2,0,1
82,https://bio.tools/MLW-gcForest,1,2,2,2,2,2,0,0,2
83,https://bio.tools/MLatom,1,2,1,2,1,2,2,0,1
84,https://bio.tools/MOST-visualization,0,2,1,2,1,2,2,0,1
85,https://bio.tools/Mercator_autogenerated,0,2,2,2,2,2,2,0,2
86,https://bio.tools/MetaDEGalaxy_autogenerated,1,2,2,2,2,2,0,0,2
87,https://bio.tools/MetaMiner,1,2,2,2,2,2,0,0,2
88,https://bio.tools/MetaMorpheus,1,2,2,2,2,2,2,0,2
89,https://bio.tools/Metandem,1,2,2,2,2,2,0,0,2
90,https://bio.tools/MethylMix_autogenerated,1,2,2,2,2,2,0,0,2
91,https://bio.tools/MicroScope_platform,1,2,1,2,1,2,0,0,1
92,https://bio.tools/ModelX,1,2,2,2,2,2,0,0,2
93,https://bio.tools/NCI-ALMANAC,1,2,2,2,2,2,0,0,2
94,https://bio.tools/NGSReadsTreatment,1,2,2,2,2,2,0,0,2
95,https://bio.tools/NPS_autogenerated,1,2,2,2,2,2,0,0,2
96,https://bio.tools/NUQA,1,2,2,2,2,2,0,0,2
97,https://bio.tools/NaPLeS,1,2,2,2,2,2,0,0,2
98,https://bio.tools/OMeta,0,2,1,2,1,2,2,0,1
99,https://bio.tools/OVERFRAG,1,2,2,2,2,2,0,0,2
100,https://bio.tools/OmicsX,0,2,2,2,2,2,0,0,2
101,https://bio.tools/Open,0,2,2,2,2,2,0,0,2
102,https://bio.tools/Open_Targets,0,2,2,2,2,2,2,0,2
103,https://bio.tools/PDBUSQLExtractor,1,2,1,2,1,2,2,0,1
104,https://bio.tools/PINOT,0,2,2,2,2,2,0,0,2
105,https://bio.tools/PMD-FDR,0,2,2,2,2,2,0,0,2
106,https://bio.tools/PPanGGOLiN,0,2,2,2,2,2,0,0,2
107,https://bio.tools/PhenoGeneRanker,0,2,2,2,2,2,2,0,2
108,https://bio.tools/Phenomenal_autogenerated,0,2,2,2,2,2,0,0,2
109,https://bio.tools/PlaNET,0,2,1,2,1,2,2,0,1
110,https://bio.tools/PlaSMo_autogenerated,1,2,2,2,2,2,2,0,2
111,https://bio.tools/Pneumatron,1,2,2,2,2,2,0,0,2
112,https://bio.tools/Pred-BVP-Unb,1,2,2,2,2,0,0,0,2
113,https://bio.tools/PyAR,1,2,2,2,2,2,0,0,2
114,https://bio.tools/RBV,1,2,2,2,2,2,2,0,2
115,https://bio.tools/RNARedPrint,1,2,1,2,1,2,2,0,1
116,https://bio.tools/RNAfamProb,0,2,2,2,2,2,0,0,2
117,https://bio.tools/RealityConvert,0,2,1,2,1,0,0,0,1
118,https://bio.tools/RegSNPs,1,2,2,2,2,2,2,0,2
119,https://bio.tools/RemeDB,1,2,2,2,2,2,0,0,2
120,https://bio.tools/RestraintLib,1,2,2,2,2,2,0,0,2
121,https://bio.tools/SAVER-X,1,2,2,2,2,2,0,0,2
122,https://bio.tools/SAnDReS,1,2,2,2,2,2,2,0,2
123,https://bio.tools/SCHEMA,0,2,2,2,2,2,0,0,2
124,https://bio.tools/SCIMAP,1,2,2,2,2,2,0,0,2
125,https://bio.tools/SCMarker,1,2,2,2,2,2,0,0,2
126,https://bio.tools/SCOT,1,2,2,2,2,2,0,0,2
127,https://bio.tools/SEVA,1,2,2,2,2,2,0,0,2
128,https://bio.tools/SMSNet,1,2,2,2,2,2,2,0,2
129,https://bio.tools/SPDI,1,2,2,2,2,2,0,0,2
130,https://bio.tools/SPUTNIK,1,2,1,2,1,2,2,0,1
131,https://bio.tools/SSASU,1,2,2,2,2,2,0,0,2
132,https://bio.tools/SSCOR,1,2,2,2,2,2,0,0,2
133,https://bio.tools/SalMotifDB,1,2,2,2,2,2,0,0,2
134,https://bio.tools/Sci-Hub,1,2,2,2,2,2,0,0,2
135,https://bio.tools/ShinyLearner,0,2,1,2,1,2,2,0,1
136,https://bio.tools/Sierra,0,2,2,2,2,2,0,0,2
137,https://bio.tools/SimBSI,0,2,2,2,2,2,0,0,2
138,https://bio.tools/SimpleDSFviewer,1,2,2,2,2,2,0,0,2
139,https://bio.tools/SoS,1,2,1,2,1,2,2,0,1
140,https://bio.tools/South_Green_Genome_Hubs,0,2,1,2,1,2,2,0,1
141,https://bio.tools/Spark,0,2,2,2,2,2,0,0,2
142,https://bio.tools/Subdyquency,1,2,1,2,1,2,2,0,1
143,https://bio.tools/TEffectR,1,2,2,2,2,2,2,0,2
144,https://bio.tools/TRC,1,2,1,2,1,2,2,0,1
145,https://bio.tools/TRITEX,0,2,1,2,1,2,2,0,1
146,https://bio.tools/TaBSAP,0,2,2,2,2,0,2,0,2
147,https://bio.tools/Thera-SAbDab,1,2,2,2,2,2,0,0,2
148,https://bio.tools/UnicornPapers,0,2,2,2,2,2,2,0,2
149,https://bio.tools/VISION,0,2,2,2,2,2,0,0,2
150,https://bio.tools/VOLPES,1,2,1,2,1,2,2,0,1
151,https://bio.tools/VegMarks,1,2,2,2,2,2,0,0,2
152,https://bio.tools/WHSP-Net,1,2,2,2,2,2,0,0,2
153,https://bio.tools/WebSpecmine,0,2,2,2,2,2,2,0,2
154,https://bio.tools/WheatIS,0,2,1,2,1,2,2,0,1
155,https://bio.tools/abmapper,1,2,1,2,1,2,0,0,1
156,https://bio.tools/abs-scan,1,2,1,2,1,2,0,0,1
157,https://bio.tools/absolute-comparison-analysis-affymetrix,0,2,1,2,1,0,0,0,1
158,https://bio.tools/acnpd,1,2,2,2,2,2,0,0,2
159,https://bio.tools/acre,1,2,2,2,2,2,2,0,2
160,https://bio.tools/action,0,2,1,2,1,2,2,0,1
161,https://bio.tools/afm-image-analysis,0,2,1,2,1,0,0,0,1
162,https://bio.tools/aiso,1,2,2,2,2,2,0,0,2
163,https://bio.tools/aliclu,1,2,2,2,2,2,0,0,2
164,https://bio.tools/alignet,1,2,2,2,2,2,0,0,2
165,https://bio.tools/alignmentviewer,1,2,2,2,2,2,2,0,2
166,https://bio.tools/all-p,1,2,2,2,2,2,0,0,2
167,https://bio.tools/allen_brain_atlas-api,0,2,2,2,2,2,0,0,2
168,https://bio.tools/allenricher,1,2,2,2,2,2,2,0,2
169,https://bio.tools/allim,1,2,1,2,1,2,2,0,1
170,https://bio.tools/almostsignificant,1,2,1,2,1,2,0,0,1
171,https://bio.tools/alp,1,2,2,2,2,2,0,0,2
172,https://bio.tools/alphapred,1,2,1,2,1,2,0,0,1
173,https://bio.tools/anne-o-tate,1,2,2,2,2,2,0,0,2
174,https://bio.tools/annotategenomicregions,1,2,1,2,1,2,0,0,1
175,https://bio.tools/aodpred,1,2,1,2,1,2,0,0,1
176,https://bio.tools/apodhin,0,2,2,2,2,2,0,0,2
177,https://bio.tools/artemis,0,2,1,2,1,2,0,0,1
178,https://bio.tools/assembly_converter,0,2,1,2,1,2,0,0,1
179,https://bio.tools/atb,1,2,2,2,2,2,0,0,2
180,https://bio.tools/attnsleep,1,2,2,2,2,2,2,0,2
181,https://bio.tools/auspp,1,2,2,2,2,2,2,0,2
182,https://bio.tools/autobiocad,1,2,1,2,1,2,0,0,1
183,https://bio.tools/autorelacs,0,2,2,2,2,2,2,0,2
184,https://bio.tools/autorpa,1,2,2,2,2,2,0,0,2
185,https://bio.tools/awst,0,2,2,2,2,2,2,0,2
186,https://bio.tools/axiome,1,2,1,2,1,2,0,0,1
187,https://bio.tools/bagel3,1,2,1,2,1,0,0,0,1
188,https://bio.tools/bammds,1,2,2,2,2,2,0,0,2
189,https://bio.tools/bamscale,1,2,2,2,2,2,0,0,2
190,https://bio.tools/bamsignals,0,2,1,2,1,2,2,0,1
191,https://bio.tools/bankit,1,2,1,2,1,2,0,0,1
192,https://bio.tools/bastionhub,1,2,2,2,2,2,0,0,2
193,https://bio.tools/bayescan,1,2,1,2,1,2,0,0,1
194,https://bio.tools/bayesepimodels_webapp,0,2,2,2,2,0,0,0,2
195,https://bio.tools/bcbio-nextgen,0,2,1,2,1,2,2,0,1
196,https://bio.tools/be-ff,0,2,2,2,2,2,2,0,2
197,https://bio.tools/beam,0,2,1,2,1,2,0,0,1
198,https://bio.tools/bearr,1,2,2,2,2,0,0,0,2
199,https://bio.tools/beetl,1,2,2,2,2,2,0,0,2
200,https://bio.tools/belt,0,2,2,2,2,2,0,0,2
201,https://bio.tools/best_literature,1,2,1,2,1,2,0,0,1
202,https://bio.tools/betacavityweb,1,2,2,2,2,2,0,0,2
203,https://bio.tools/bew,1,2,1,2,1,2,0,0,1
204,https://bio.tools/bicorn,1,2,2,2,2,2,2,0,2
205,https://bio.tools/bin3C,1,2,1,2,1,2,2,0,1
206,https://bio.tools/binning,0,2,2,2,2,2,2,0,2
207,https://bio.tools/binomialrf,1,2,2,2,2,2,0,0,2
208,https://bio.tools/bio-tradis,1,2,2,2,2,2,0,0,2
209,https://bio.tools/bio3d-web,1,2,2,2,2,2,0,0,2
210,https://bio.tools/biobike,1,2,1,2,1,0,2,0,1
211,https://bio.tools/biocat,0,2,2,2,2,2,2,0,2
212,https://bio.tools/biocatalogue,1,2,1,2,1,2,0,0,1
213,https://bio.tools/bioccheck,0,2,1,2,1,2,2,0,1
214,https://bio.tools/biocommons,1,2,2,2,2,2,2,0,2
215,https://bio.tools/biodb-loader,0,2,2,2,2,0,0,0,2
216,https://bio.tools/bioexcel_building_blocks_tutorials_amber_constant_ph_md_setup,1,2,1,2,1,2,2,0,1
217,https://bio.tools/biojs-vis-inchlib,0,2,1,2,1,2,0,0,1
218,https://bio.tools/biojs-vis-interactions-d3,0,2,1,2,1,2,0,0,1
219,https://bio.tools/bionero,0,2,2,2,2,2,2,0,2
220,https://bio.tools/biopredyn-bench,1,2,2,2,2,2,0,0,2
221,https://bio.tools/biovizbase,0,2,1,2,1,2,2,0,1
222,https://bio.tools/blacasurv,0,2,2,2,2,2,0,0,2
223,https://bio.tools/blasr,1,2,2,2,2,2,0,0,2
224,https://bio.tools/blastgui,1,2,2,2,2,2,2,0,2
225,https://bio.tools/blastkoala,1,2,1,2,1,2,0,0,1
226,https://bio.tools/bmrf,1,2,2,2,2,2,0,0,2
227,https://bio.tools/boag,0,2,2,2,2,2,0,0,2
228,https://bio.tools/bobro,1,2,1,2,1,2,0,0,1
229,https://bio.tools/boolspace,1,2,2,2,2,2,0,0,2
230,https://bio.tools/braintown,1,2,1,2,1,2,0,0,1
231,https://bio.tools/brockman,0,2,1,2,1,2,0,0,1
232,https://bio.tools/brownian_motion_simulator,1,2,2,2,2,2,0,0,2
233,https://bio.tools/browserviz,0,2,1,2,1,2,2,0,1
234,https://bio.tools/bsseq,1,2,1,2,1,2,2,0,1
235,https://bio.tools/bwasp,0,2,2,2,2,2,2,0,2
236,https://bio.tools/ca-net,1,2,2,2,2,2,0,0,2
237,https://bio.tools/cab-align,1,2,1,2,1,2,0,0,1
238,https://bio.tools/cabog,1,2,1,2,1,2,0,0,1
239,https://bio.tools/cagefightr,0,2,1,2,1,2,2,0,1
240,https://bio.tools/callr,1,2,2,2,2,2,0,0,2
241,https://bio.tools/carpools,1,2,2,2,2,2,0,0,2
242,https://bio.tools/carthagene,1,2,1,2,1,2,0,0,1
243,https://bio.tools/casboundary,1,2,2,2,2,2,2,0,2
244,https://bio.tools/caspr,1,2,2,2,2,0,0,0,2
245,https://bio.tools/catdb,1,2,1,2,1,2,0,0,1
246,https://bio.tools/cbcanalyzer,1,2,2,2,2,2,0,0,2
247,https://bio.tools/ccpem,0,2,1,2,1,2,0,0,1
248,https://bio.tools/cd-search,1,2,1,2,1,2,0,0,1
249,https://bio.tools/cddapp,1,2,2,2,2,2,0,0,2
250,https://bio.tools/cell-segmentation-methods-comparison,0,2,1,2,1,0,0,0,1
251,https://bio.tools/cellinker,1,2,2,2,2,2,0,0,2
252,https://bio.tools/celltrans,1,2,1,2,1,2,2,0,1
253,https://bio.tools/cerc2,0,2,2,2,2,2,0,0,2
254,https://bio.tools/cetf,0,2,2,2,2,2,2,0,2
255,https://bio.tools/cgbind,0,2,2,2,2,2,2,0,2
256,https://bio.tools/cghmcr,0,2,1,2,1,2,2,0,1
257,https://bio.tools/chainchecker,1,2,2,2,2,2,0,0,2
258,https://bio.tools/cheer,0,2,2,2,2,2,0,0,2
259,https://bio.tools/chemstor,1,2,2,2,2,2,0,0,2
260,https://bio.tools/chronic_vs_clinic,0,2,1,2,1,2,2,0,1
261,https://bio.tools/circle-seq,0,2,1,2,1,2,2,0,1
262,https://bio.tools/cisa,0,2,2,2,2,2,0,0,2
263,https://bio.tools/classifyber,0,2,2,2,2,2,0,0,2
264,https://bio.tools/clc_unmapped_reads,0,2,1,2,1,2,0,0,1
265,https://bio.tools/cld,0,2,1,2,1,2,2,0,1
266,https://bio.tools/clustalo_ebi,0,2,1,2,1,2,0,0,1
267,https://bio.tools/cngbdb,1,2,2,2,2,2,0,0,2
268,https://bio.tools/cntools,0,2,1,2,1,2,2,0,1
269,https://bio.tools/coai,0,2,2,2,2,2,2,0,2
270,https://bio.tools/cocoa,0,2,2,2,2,2,2,0,2
271,https://bio.tools/colauc,0,2,1,2,1,0,0,0,1
272,https://bio.tools/colordistance_autogenerated,0,2,2,2,2,2,0,0,2
273,https://bio.tools/colour-deconvolution,1,2,2,2,2,2,0,0,2
274,https://bio.tools/coman,1,2,1,2,1,2,0,0,1
275,https://bio.tools/comethyl,0,2,2,2,2,2,2,0,2
276,https://bio.tools/compacta,1,2,2,2,2,2,2,0,2
277,https://bio.tools/comparems2,1,2,1,2,1,2,2,0,1
278,https://bio.tools/comprehengsive,0,2,1,2,1,0,2,0,1
279,https://bio.tools/contourv1,1,2,2,2,2,2,0,0,2
280,https://bio.tools/coordinateserver,0,2,1,2,1,2,2,0,1
281,https://bio.tools/cornai,0,2,1,2,1,2,2,0,1
282,https://bio.tools/cosmic,1,2,1,2,1,2,2,0,1
283,https://bio.tools/cov2id,0,2,1,2,1,0,0,0,1
284,https://bio.tools/covenntree,1,2,1,2,1,2,0,0,1
285,https://bio.tools/covid-19_l_ove,0,2,2,2,2,2,0,0,2
286,https://bio.tools/covid-abs,1,2,2,2,2,2,2,0,2
287,https://bio.tools/covid-align,0,2,2,2,2,2,0,0,2
288,https://bio.tools/covid-ct-mask-net,0,2,2,2,2,2,0,0,2
289,https://bio.tools/covid-net,0,2,2,2,2,2,0,0,2
290,https://bio.tools/covid19-india-spread-animation,0,2,1,2,1,0,0,0,1
291,https://bio.tools/covidmulti-net,0,2,1,2,1,2,0,0,1
292,https://bio.tools/cpm,1,2,1,2,1,2,0,0,1
293,https://bio.tools/crisprbuilder-tb,1,2,1,2,1,2,2,0,1
294,https://bio.tools/cross_checker,0,2,1,2,1,2,0,0,1
295,https://bio.tools/crosstalker,0,2,2,2,2,2,2,0,2
296,https://bio.tools/cryoID,1,2,2,2,2,2,2,0,2
297,https://bio.tools/crysalis,1,2,1,2,1,2,0,0,1
298,https://bio.tools/csDMA,1,2,2,2,2,2,0,0,2
299,https://bio.tools/csar_scaffolding,0,2,1,2,1,2,0,0,1
300,https://bio.tools/cssp,0,2,1,2,1,2,2,0,1
301,https://bio.tools/cyclops,0,2,2,2,2,2,0,0,2
302,https://bio.tools/cyp21,0,2,1,2,1,0,0,0,1
303,https://bio.tools/d-script,0,2,1,2,1,2,2,0,1
304,https://bio.tools/dag,1,2,2,2,2,2,2,0,2
305,https://bio.tools/dataanalysis2tpp,0,2,1,2,1,2,2,0,1
306,https://bio.tools/dbInDel,1,2,2,2,2,2,0,0,2
307,https://bio.tools/dbaasp,1,2,2,2,2,2,0,0,2
308,https://bio.tools/dbdepc,1,2,1,2,1,0,0,0,1
309,https://bio.tools/dbsnp-q,1,2,1,2,1,0,0,0,1
310,https://bio.tools/dbxedam,0,2,2,2,2,2,2,0,2
311,https://bio.tools/deconstruct,1,2,1,2,1,2,0,0,1
312,https://bio.tools/deconstructsigs,0,2,1,2,1,2,2,0,1
313,https://bio.tools/decostar,1,2,1,2,1,2,0,0,1
314,https://bio.tools/deepark,1,2,1,2,1,2,2,0,1
315,https://bio.tools/deepfilter,1,2,2,2,2,2,2,0,2
316,https://bio.tools/deepimagetranslator,0,2,2,2,2,2,2,0,2
317,https://bio.tools/defence_adaptation,1,2,2,2,2,2,2,0,2
318,https://bio.tools/deformats,0,2,1,2,1,2,2,0,1
319,https://bio.tools/demineralized_enamel_demineralized_enamel,1,2,2,2,2,2,0,0,2
320,https://bio.tools/deploid,0,2,1,2,1,2,2,0,1
321,https://bio.tools/dgidb,0,2,2,2,2,2,2,0,2
322,https://bio.tools/diana-mirpath,1,2,1,2,1,2,0,0,1
323,https://bio.tools/diffGrad,1,2,2,2,2,2,2,0,2
324,https://bio.tools/differential-feature,0,2,1,2,1,0,0,0,1
325,https://bio.tools/dinamo,0,2,1,2,1,2,2,0,1
326,https://bio.tools/dino,1,2,2,2,2,2,0,0,2
327,https://bio.tools/dintd,1,2,2,2,2,2,0,0,2
328,https://bio.tools/disbalance,1,2,1,2,1,2,0,0,1
329,https://bio.tools/discretization_algorithms-cacc,0,2,1,2,1,0,0,0,1
330,https://bio.tools/disomine,0,2,2,2,2,2,0,0,2
331,https://bio.tools/distmap,1,2,1,2,1,2,2,0,1
332,https://bio.tools/disulfind,1,2,1,2,1,2,0,0,1
333,https://bio.tools/dminda,1,2,1,2,1,2,0,0,1
334,https://bio.tools/dnAQET,1,2,2,2,2,2,0,0,2
335,https://bio.tools/dnamate,1,2,1,2,1,2,0,0,1
336,https://bio.tools/do_x3dna,0,2,1,2,1,2,2,0,1
337,https://bio.tools/domainparser,1,2,2,2,2,2,0,0,2
338,https://bio.tools/dosepredict,1,2,2,2,2,2,2,0,2
339,https://bio.tools/dove-docking,1,2,2,2,2,2,2,0,2
340,https://bio.tools/dp4-ai,1,2,2,2,2,2,2,0,2
341,https://bio.tools/dpcnv,1,2,2,2,2,2,0,0,2
342,https://bio.tools/drawproteins,0,2,1,2,1,2,2,0,1
343,https://bio.tools/dreamdia-xmbd,0,2,1,2,1,2,2,0,1
344,https://bio.tools/dreg-pathway,1,2,2,2,2,2,0,0,2
345,https://bio.tools/drim,1,2,2,2,2,2,0,0,2
346,https://bio.tools/driver,0,2,2,2,2,2,2,0,2
347,https://bio.tools/drugscoreppi,1,2,1,2,1,2,0,0,1
348,https://bio.tools/drugspacex,1,2,2,2,2,2,0,0,2
349,https://bio.tools/drymass,1,2,2,2,2,2,2,0,2
350,https://bio.tools/dupradar,1,2,1,2,1,2,2,0,1
351,https://bio.tools/dynomics_emn,1,2,1,2,1,2,0,0,1
352,https://bio.tools/ebseq,0,2,1,2,1,2,2,0,1
353,https://bio.tools/ecogene,0,2,1,2,1,2,0,0,1
354,https://bio.tools/edafoldaa,0,2,2,2,2,2,0,0,2
355,https://bio.tools/egmrg,0,2,1,2,1,2,0,0,1
356,https://bio.tools/enrichmentbrowser,1,2,1,2,1,2,2,0,1
357,https://bio.tools/entrez_protein_clusters,0,2,1,2,1,2,0,0,1
358,https://bio.tools/enzyme,0,2,1,2,1,2,0,0,1
359,https://bio.tools/epacts,0,2,2,2,2,0,0,0,2
360,https://bio.tools/epiScanpy,0,2,1,2,1,2,2,0,1
361,https://bio.tools/epiTAD,1,2,1,2,1,2,2,0,1
362,https://bio.tools/epiannotator,0,2,1,2,1,2,2,0,1
363,https://bio.tools/epigbs2,0,2,2,2,2,2,2,0,2
364,https://bio.tools/equaltdrl,0,2,1,2,1,2,0,0,1
365,https://bio.tools/ergo_structure,0,2,2,2,2,2,2,0,2
366,https://bio.tools/evoactg,0,2,2,2,2,2,0,0,2
367,https://bio.tools/ewce,0,2,1,2,1,2,2,0,1
368,https://bio.tools/exac,1,2,1,2,1,2,2,0,1
369,https://bio.tools/factorhne,1,2,2,2,2,2,0,0,2
370,https://bio.tools/fastafilecomparer,0,2,2,2,2,0,0,0,2
371,https://bio.tools/fastgwa-glmm,0,2,2,2,2,2,0,0,2
372,https://bio.tools/fastmlst,0,2,2,2,2,2,2,0,2
373,https://bio.tools/fba,1,2,1,2,1,2,2,0,1
374,https://bio.tools/fcite,0,2,1,2,1,2,2,0,1
375,https://bio.tools/ffea,0,2,1,2,1,2,0,0,1
376,https://bio.tools/ffselect,0,2,2,2,2,2,0,0,2
377,https://bio.tools/fgmp,0,2,1,2,1,2,2,0,1
378,https://bio.tools/field-rt,1,2,2,2,2,2,2,0,2
379,https://bio.tools/figaro,1,2,1,2,1,2,2,0,1
380,https://bio.tools/figurecomposer,0,2,2,2,2,2,0,0,2
381,https://bio.tools/filter-noise-interpolate-microscopy-images-frequency-domain,0,2,1,2,1,0,0,0,1
382,https://bio.tools/finder,0,2,2,2,2,2,0,0,2
383,https://bio.tools/finer,1,2,2,2,2,2,2,0,2
384,https://bio.tools/first_person_bioimage,0,2,2,2,2,2,2,0,2
385,https://bio.tools/flexdock,1,2,2,2,2,2,0,0,2
386,https://bio.tools/flexdotplot,0,2,2,2,2,2,0,0,2
387,https://bio.tools/flowmatch,0,2,1,2,1,2,2,0,1
388,https://bio.tools/flowqb,0,2,1,2,1,2,2,0,1
389,https://bio.tools/focal,1,2,2,2,2,2,0,0,2
390,https://bio.tools/focus-point,1,2,2,2,2,2,0,0,2
391,https://bio.tools/fraggenescan,1,2,1,2,1,2,2,0,1
392,https://bio.tools/freect_wfbp,1,2,2,2,2,2,2,0,2
393,https://bio.tools/frites,0,2,2,2,2,2,2,0,2
394,https://bio.tools/frogs_clustering,0,2,1,2,1,2,0,0,1
395,https://bio.tools/frustratometer,0,2,2,2,2,2,2,0,2
396,https://bio.tools/fusionmap,1,2,2,2,2,2,2,0,2
397,https://bio.tools/g-class,0,2,1,2,1,2,2,0,1
398,https://bio.tools/gabi-kat,1,2,1,2,1,2,0,0,1
399,https://bio.tools/galactic,0,2,2,2,2,0,2,0,2
400,https://bio.tools/galactic_circos,0,2,1,2,1,2,2,0,1
401,https://bio.tools/galaxy-ml,0,2,2,2,2,2,2,0,2
402,https://bio.tools/gan,1,2,2,2,2,2,2,0,2
403,https://bio.tools/gatk,1,2,1,2,1,2,0,0,1
404,https://bio.tools/gatk_variant_combine,0,2,1,2,1,2,0,0,1
405,https://bio.tools/gbrs,0,2,2,2,2,2,2,0,2
406,https://bio.tools/gcmodeller,0,2,1,2,1,0,2,0,1
407,https://bio.tools/gcua,1,2,1,2,1,2,0,0,1
408,https://bio.tools/gddfold,0,2,1,2,1,2,0,0,1
409,https://bio.tools/gell,1,2,2,2,2,2,0,0,2
410,https://bio.tools/genatlasdb,1,2,1,2,1,0,2,0,1
411,https://bio.tools/genbank2gff3,0,2,1,2,1,2,0,0,1
412,https://bio.tools/gene,1,2,2,2,2,2,0,0,2
413,https://bio.tools/genease,0,2,1,2,1,2,0,0,1
414,https://bio.tools/genebasis,0,2,1,2,1,2,2,0,1
415,https://bio.tools/generate_oriented_clusters,0,2,2,2,2,0,0,0,2
416,https://bio.tools/geneseeker,1,2,1,2,1,2,0,0,1
417,https://bio.tools/genocn,0,2,1,2,1,2,2,0,1
418,https://bio.tools/genome-wide_evaluation,1,2,2,2,2,2,0,0,2
419,https://bio.tools/genomepartitioner,0,2,1,2,1,2,0,0,1
420,https://bio.tools/genuMet,0,2,2,2,2,2,2,0,2
421,https://bio.tools/geoboost2,1,2,2,2,2,2,2,0,2
422,https://bio.tools/geoss,1,2,2,2,2,2,0,0,2
423,https://bio.tools/gerp,1,2,2,2,2,2,2,0,2
424,https://bio.tools/gfakluge,1,2,2,2,2,2,2,0,2
425,https://bio.tools/gff2ps,0,2,1,2,1,2,2,0,1
426,https://bio.tools/gfkb,1,2,2,2,2,2,0,0,2
427,https://bio.tools/giant,1,2,1,2,1,2,0,0,1
428,https://bio.tools/gillespie-stochastic-simulation-algorithm,0,2,1,2,1,0,0,0,1
429,https://bio.tools/giniqc,1,2,2,2,2,2,0,0,2
430,https://bio.tools/globaltest,1,2,1,2,1,2,2,0,1
431,https://bio.tools/glycohunter,1,2,2,2,2,2,0,0,2
432,https://bio.tools/go-crispr,0,2,2,2,2,2,0,0,2
433,https://bio.tools/goexpress,0,2,1,2,1,2,2,0,1
434,https://bio.tools/gpu_mrbayes,1,2,1,2,1,2,0,0,1
435,https://bio.tools/graphcovidnet,1,2,1,2,1,2,0,0,1
436,https://bio.tools/gream,1,2,1,2,1,2,0,0,1
437,https://bio.tools/grep_count,0,2,1,2,1,2,0,0,1
438,https://bio.tools/gsea,0,2,2,2,2,2,0,0,2
439,https://bio.tools/gsrc,1,2,1,2,1,2,2,0,1
440,https://bio.tools/gstpred,1,2,1,2,1,2,0,0,1
441,https://bio.tools/guidescan,0,2,1,2,1,2,0,0,1
442,https://bio.tools/guidingnet,0,2,2,2,2,2,0,0,2
443,https://bio.tools/gutmega,1,2,2,2,2,2,0,0,2
444,https://bio.tools/gwar,1,2,1,2,1,2,0,0,1
445,https://bio.tools/gwena,0,2,2,2,2,2,2,0,2
446,https://bio.tools/gxgscan,1,2,1,2,1,2,0,0,1
447,https://bio.tools/h-blast,0,2,1,2,1,2,0,0,1
448,https://bio.tools/hamap,1,2,1,2,1,2,0,0,1
449,https://bio.tools/handle-on-qol,1,2,2,2,2,2,0,0,2
450,https://bio.tools/hapler,1,2,1,2,1,2,0,0,1
451,https://bio.tools/haploconfig,1,2,1,2,1,2,0,0,1
452,https://bio.tools/haplogrep,1,2,1,2,1,2,0,0,1
453,https://bio.tools/haploi,0,2,2,2,2,2,0,0,2
454,https://bio.tools/harmonization,0,2,2,2,2,2,2,0,2
455,https://bio.tools/hash-cgMLST,1,2,2,2,2,2,0,0,2
456,https://bio.tools/hdam,1,2,1,2,1,2,0,0,1
457,https://bio.tools/heidi,1,2,1,2,1,2,0,0,1
458,https://bio.tools/hemdag,1,2,2,2,2,2,2,0,2
459,https://bio.tools/hemomips,1,2,2,2,2,2,2,0,2
460,https://bio.tools/hemopimod,1,2,2,2,2,2,0,0,2
461,https://bio.tools/heuraa,1,2,1,2,1,2,0,0,1
462,https://bio.tools/hhmd,1,2,1,2,1,2,0,0,1
463,https://bio.tools/hic-pro,1,2,1,2,1,2,0,0,1
464,https://bio.tools/hicat,1,2,1,2,1,2,0,0,1
465,https://bio.tools/hidef,1,2,2,2,2,2,2,0,2
466,https://bio.tools/hive,1,2,1,2,1,2,0,0,1
467,https://bio.tools/hivproti,0,2,1,2,1,2,2,0,1
468,https://bio.tools/hogenom,0,2,1,2,1,2,0,0,1
469,https://bio.tools/hops_tk,1,2,2,2,2,2,2,0,2
470,https://bio.tools/iProt-Sub,1,2,2,2,2,2,0,0,2
471,https://bio.tools/iacp,1,2,1,2,1,2,0,0,1
472,https://bio.tools/ibdmap,1,2,2,2,2,2,0,0,2
473,https://bio.tools/icarps,1,2,2,2,2,2,0,0,2
474,https://bio.tools/icbm-ocean,1,2,2,2,2,2,0,0,2
475,https://bio.tools/idbp,0,2,2,2,2,2,0,0,2
476,https://bio.tools/ideal_rna,1,2,1,2,1,2,2,0,1
477,https://bio.tools/ideepsubmito,1,2,2,2,2,2,2,0,2
478,https://bio.tools/idiogram,0,2,1,2,1,2,2,0,1
479,https://bio.tools/idna-methyl,1,2,1,2,1,2,0,0,1
480,https://bio.tools/idpgk,0,2,2,2,2,2,0,0,2
481,https://bio.tools/idr,0,2,2,2,2,0,0,0,2
482,https://bio.tools/ifoldrna,1,2,2,2,2,2,0,0,2
483,https://bio.tools/ifuse,1,2,1,2,1,2,0,0,1
484,https://bio.tools/igg,0,2,2,2,2,2,0,0,2
485,https://bio.tools/image-segmentation-fluorescence-membranes,0,2,1,2,1,0,0,0,1
486,https://bio.tools/impulsede2,0,2,1,2,1,2,2,0,1
487,https://bio.tools/imubac,1,2,2,2,2,2,2,0,2
488,https://bio.tools/indel-seq-gen,1,2,1,2,1,2,0,0,1
489,https://bio.tools/inferbert,1,2,2,2,2,2,2,0,2
490,https://bio.tools/infernal,0,2,1,2,1,0,0,0,1
491,https://bio.tools/infoseq,0,2,1,2,1,2,2,0,1
492,https://bio.tools/ingap-family,1,2,1,2,1,2,0,0,1
493,https://bio.tools/inirf-imaging,0,2,1,2,1,0,0,0,1
494,https://bio.tools/inspire-utility-deform3d-image,0,2,1,2,1,0,0,0,1
495,https://bio.tools/intassoplot,1,2,2,2,2,2,2,0,2
496,https://bio.tools/inversion,0,2,1,2,1,2,2,0,1
497,https://bio.tools/ipathwayguide,1,2,1,2,1,2,0,0,1
498,https://bio.tools/ipbt,1,2,1,2,1,2,0,0,1
499,https://bio.tools/ipcarf,1,2,1,2,1,2,0,0,1
500,https://bio.tools/ipig,0,2,2,2,2,2,0,0,2
501,https://bio.tools/ippbs-opt,1,2,2,2,2,2,0,0,2
502,https://bio.tools/ippbs-pseaac,1,2,2,2,2,2,0,0,2
503,https://bio.tools/iqtl-vc,0,2,2,2,2,2,0,0,2
504,https://bio.tools/iresite,0,2,1,2,1,2,0,0,1
505,https://bio.tools/irna-m6a,1,2,2,2,2,2,0,0,2
506,https://bio.tools/irsvpred,1,2,2,2,2,2,0,0,2
507,https://bio.tools/isa_api,0,2,2,2,2,2,0,0,2
508,https://bio.tools/iso2l,0,2,1,2,1,2,0,0,1
509,https://bio.tools/istech_snpanalyzer,1,2,2,2,2,0,0,0,2
510,https://bio.tools/isulf-cys,1,2,1,2,1,2,0,0,1
511,https://bio.tools/itar,1,2,1,2,1,2,0,0,1
512,https://bio.tools/jami,0,2,1,2,1,2,0,0,1
513,https://bio.tools/jbrowser,1,2,2,2,2,2,2,0,2
514,https://bio.tools/jcat,1,2,1,2,1,2,0,0,1
515,https://bio.tools/jedi-md,1,2,1,2,1,2,2,0,1
516,https://bio.tools/jensemb,1,2,1,2,1,2,0,0,1
517,https://bio.tools/jflow,1,2,2,2,2,2,0,0,2
518,https://bio.tools/jphyloio,0,2,1,2,1,2,2,0,1
519,https://bio.tools/jsrc,1,2,2,2,2,2,0,0,2
520,https://bio.tools/jumper,0,2,2,2,2,2,2,0,2
521,https://bio.tools/kappa-view4,1,2,1,2,1,2,0,0,1
522,https://bio.tools/kbase,0,2,1,2,1,2,0,0,1
523,https://bio.tools/keggtranslator,1,2,2,2,2,2,0,0,2
524,https://bio.tools/khmer,0,2,1,2,1,2,2,0,1
525,https://bio.tools/kinmap,1,2,1,2,1,2,0,0,1
526,https://bio.tools/kolmogorov,1,2,1,2,1,2,0,0,1
527,https://bio.tools/lama,0,2,2,2,2,2,0,0,2
528,https://bio.tools/lambda-r,1,2,2,2,2,2,0,0,2
529,https://bio.tools/lara,1,2,1,2,1,2,0,0,1
530,https://bio.tools/ldagan,1,2,2,2,2,2,0,0,2
531,https://bio.tools/ldmgen,1,2,1,2,1,2,0,0,1
532,https://bio.tools/ldnfsgb,1,2,2,2,2,2,0,0,2
533,https://bio.tools/ldsep,0,2,2,2,2,2,2,0,2
534,https://bio.tools/leb,0,2,2,2,2,2,0,0,2
535,https://bio.tools/lever,1,2,1,2,1,2,2,0,1
536,https://bio.tools/lfqc,1,2,1,2,1,2,0,0,1
537,https://bio.tools/libfbat,0,2,2,2,2,2,0,0,2
538,https://bio.tools/ligap,1,2,1,2,1,2,0,0,1
539,https://bio.tools/linc2function,0,2,2,2,2,2,2,0,2
540,https://bio.tools/lipidr,1,2,2,2,2,2,0,0,2
541,https://bio.tools/lmap,1,2,1,2,1,2,2,0,1
542,https://bio.tools/locdb,1,2,1,2,1,2,0,0,1
543,https://bio.tools/lochap,0,2,2,2,2,2,0,0,2
544,https://bio.tools/lock,1,2,2,2,2,2,0,0,2
545,https://bio.tools/locusfocus,0,2,2,2,2,2,2,0,2
546,https://bio.tools/lsgsp,0,2,2,2,2,0,0,0,2
547,https://bio.tools/lvdatamap,1,2,1,2,1,2,2,0,1
548,https://bio.tools/lymphoatlas,1,2,2,2,2,2,0,0,2
549,https://bio.tools/m2gmda,1,2,2,2,2,2,0,0,2
550,https://bio.tools/m3d,0,2,1,2,1,2,2,0,1
551,https://bio.tools/machine-olf-action,1,2,2,2,2,2,2,0,2
552,https://bio.tools/mad-unet,1,2,2,2,2,2,2,0,2
553,https://bio.tools/magnetic-susceptibility-measurement,0,2,1,2,1,0,0,0,1
554,https://bio.tools/mamba,0,2,2,2,2,2,2,0,2
555,https://bio.tools/mango,1,2,1,2,1,2,0,0,1
556,https://bio.tools/mapview,1,2,1,2,1,0,0,0,1
557,https://bio.tools/maskambigprot,0,2,1,2,1,2,2,0,1
558,https://bio.tools/massspecblocks,1,2,2,2,2,2,2,0,2
559,https://bio.tools/mast,0,2,1,2,1,2,2,0,1
560,https://bio.tools/mastr,0,2,1,2,1,2,0,0,1
561,https://bio.tools/matchbox,1,2,1,2,1,2,2,0,1
562,https://bio.tools/mavisto,0,2,2,2,2,2,0,0,2
563,https://bio.tools/maxent-ppi,0,2,1,2,1,2,0,0,1
564,https://bio.tools/maxsnippetmodel,0,2,1,2,1,2,2,0,1
565,https://bio.tools/mbbc,1,2,1,2,1,2,0,0,1
566,https://bio.tools/mbstar,1,2,2,2,2,2,0,0,2
567,https://bio.tools/mcpca_popgen,1,2,2,2,2,2,2,0,2
568,https://bio.tools/mcpep,0,2,2,2,2,2,0,0,2
569,https://bio.tools/mdag,1,2,2,2,2,2,2,0,2
570,https://bio.tools/mdcs,0,2,2,2,2,2,0,0,2
571,https://bio.tools/meat,1,2,2,2,2,2,0,0,2
572,https://bio.tools/mechnetor,1,2,1,2,1,2,2,0,1
573,https://bio.tools/medi-2,1,2,2,2,2,2,2,0,2
574,https://bio.tools/megadepth,0,2,2,2,2,2,2,0,2
575,https://bio.tools/mel-mp,1,2,1,2,1,2,0,0,1
576,https://bio.tools/meld,0,2,2,2,2,2,0,0,2
577,https://bio.tools/membplugin,0,2,2,2,2,2,2,0,2
578,https://bio.tools/merfin,0,2,2,2,2,2,2,0,2
579,https://bio.tools/metabokit,1,2,2,2,2,2,0,0,2
580,https://bio.tools/metacoder,0,2,1,2,1,2,2,0,1
581,https://bio.tools/metadiff,1,2,2,2,2,2,0,0,2
582,https://bio.tools/metagenemark,0,2,2,2,2,0,0,0,2
583,https://bio.tools/metagun,1,2,2,2,2,2,0,0,2
584,https://bio.tools/metameth,0,2,2,2,2,2,0,0,2
585,https://bio.tools/metano,0,2,1,2,1,2,2,0,1
586,https://bio.tools/metavisitor,0,2,1,2,1,2,0,0,1
587,https://bio.tools/metavizr,1,2,1,2,1,2,2,0,1
588,https://bio.tools/metdb,0,2,2,2,2,2,2,0,2
589,https://bio.tools/methtargetedngs,0,2,1,2,1,2,2,0,1
590,https://bio.tools/methylextract,1,2,1,2,1,2,0,0,1
591,https://bio.tools/mettailor,1,2,1,2,1,2,0,0,1
592,https://bio.tools/mexpress,0,2,1,2,1,2,0,0,1
593,https://bio.tools/mfmd,1,2,1,2,1,2,0,0,1
594,https://bio.tools/mfsearcher,0,2,2,2,2,2,0,0,2
595,https://bio.tools/mgsa,0,2,1,2,1,2,2,0,1
596,https://bio.tools/miRcode,1,2,2,2,2,2,0,0,2
597,https://bio.tools/miamexpress,1,2,1,2,1,2,0,0,1
598,https://bio.tools/michip,0,2,1,2,1,2,2,0,1
599,https://bio.tools/micromanager,1,2,2,2,2,2,0,0,2
600,https://bio.tools/miec-svm,1,2,1,2,1,2,0,0,1
601,https://bio.tools/mini-covidnet,1,2,1,2,1,2,0,0,1
602,https://bio.tools/minirmd,0,2,1,2,1,2,2,0,1
603,https://bio.tools/mintyper,0,2,2,2,2,2,0,0,2
604,https://bio.tools/mippie,1,2,2,2,2,2,0,0,2
605,https://bio.tools/mir-prefer,1,2,2,2,2,2,0,0,2
606,https://bio.tools/mircomp,1,2,1,2,1,2,2,0,1
607,https://bio.tools/mirev,1,2,1,2,1,2,0,0,1
608,https://bio.tools/mirnatip,1,2,1,2,1,2,0,0,1
609,https://bio.tools/mirtarbase,1,2,1,2,1,2,0,0,1
610,https://bio.tools/missmethyl,1,2,1,2,1,2,2,0,1
611,https://bio.tools/mitch,1,2,2,2,2,2,2,0,2
612,https://bio.tools/mkdom,1,2,2,2,2,2,0,0,2
613,https://bio.tools/ml4vis,1,2,2,2,2,2,2,0,2
614,https://bio.tools/mlseq,0,2,1,2,1,2,2,0,1
615,https://bio.tools/mmrrc,1,2,2,2,2,2,2,0,2
616,https://bio.tools/mob-suite,1,2,2,2,2,2,0,0,2
617,https://bio.tools/modrefiner,0,2,2,2,2,2,0,0,2
618,https://bio.tools/moni,0,2,2,2,2,2,2,0,2
619,https://bio.tools/motif-x,1,2,1,2,1,2,0,0,1
620,https://bio.tools/mousr,0,2,2,2,2,2,0,0,2
621,https://bio.tools/mpa_portable,0,2,1,2,1,2,0,0,1
622,https://bio.tools/mpiutils,0,2,1,2,1,2,0,0,1
623,https://bio.tools/mri,0,2,2,2,2,2,0,0,2
624,https://bio.tools/ms-blast,1,2,2,2,2,2,0,0,2
625,https://bio.tools/ms-data-core-api,1,2,1,2,1,2,2,0,1
626,https://bio.tools/mshot,0,2,2,2,2,2,2,0,2
627,https://bio.tools/mspire_mspire-sequest,1,2,1,2,1,0,0,0,1
628,https://bio.tools/mspolygraph,1,2,2,2,2,2,0,0,2
629,https://bio.tools/mtop,1,2,2,2,2,2,0,0,2
630,https://bio.tools/mude,1,2,1,2,1,2,0,0,1
631,https://bio.tools/multi-fingerprint_browser,1,2,1,2,1,2,0,0,1
632,https://bio.tools/multiSLIDE,0,2,2,2,2,2,2,0,2
633,https://bio.tools/multimir,1,2,1,2,1,2,0,0,1
634,https://bio.tools/multiscan,0,2,1,2,1,2,2,0,1
635,https://bio.tools/musa-r,1,2,2,2,2,2,0,0,2
636,https://bio.tools/mustool,0,2,2,2,2,2,2,0,2
637,https://bio.tools/mutarna,1,2,2,2,2,2,0,0,2
638,https://bio.tools/mygene,0,2,1,2,1,2,2,0,1
639,https://bio.tools/myvcf,0,2,1,2,1,2,0,0,1
640,https://bio.tools/nanoclust,0,2,2,2,2,2,2,0,2
641,https://bio.tools/nastiseq,0,2,1,2,1,2,0,0,1
642,https://bio.tools/nc2eye,1,2,2,2,2,2,0,0,2
643,https://bio.tools/ncRNA-eQTL,1,2,2,2,2,2,0,0,2
644,https://bio.tools/ncdlres,1,2,2,2,2,2,2,0,2
645,https://bio.tools/ncigraph,0,2,1,2,1,2,2,0,1
646,https://bio.tools/ndrindex,1,2,2,2,2,2,2,0,2
647,https://bio.tools/nearbynding,0,2,2,2,2,2,2,0,2
648,https://bio.tools/neddpred,1,2,2,2,2,2,0,0,2
649,https://bio.tools/needle-ebi,0,2,1,2,1,2,0,0,1
650,https://bio.tools/net-rstq,1,2,1,2,1,2,0,0,1
651,https://bio.tools/netbiov,0,2,1,2,1,2,2,0,1
652,https://bio.tools/netinfer,1,2,2,2,2,2,0,0,2
653,https://bio.tools/netreg,1,2,1,2,1,2,2,0,1
654,https://bio.tools/netturnp,0,2,1,2,1,2,2,0,1
655,https://bio.tools/netzoor,0,2,2,2,2,2,0,0,2
656,https://bio.tools/neuro-learn,1,2,2,2,2,2,2,0,2
657,https://bio.tools/neuromatic,1,2,1,2,1,2,0,0,1
658,https://bio.tools/neuron,1,2,2,2,2,2,0,0,2
659,https://bio.tools/ngs-snp,1,2,2,2,2,2,2,0,2
660,https://bio.tools/ngscloud,0,2,1,2,1,2,2,0,1
661,https://bio.tools/ngsrelate,1,2,1,2,1,2,0,0,1
662,https://bio.tools/nloed,0,2,2,2,2,2,2,0,2
663,https://bio.tools/nlt,1,2,2,2,2,2,0,0,2
664,https://bio.tools/nmfna,0,2,2,2,2,2,0,0,2
665,https://bio.tools/noa,0,2,2,2,2,2,0,0,2
666,https://bio.tools/norec4dna,1,2,2,2,2,2,2,0,2
667,https://bio.tools/nparact,1,2,1,2,1,2,2,0,1
668,https://bio.tools/nuclitrack-matlab,0,2,1,2,1,0,0,0,1
669,https://bio.tools/nucome,1,2,2,2,2,2,2,0,2
670,https://bio.tools/ocg,1,2,1,2,1,2,0,0,1
671,https://bio.tools/oligomap,1,2,1,2,1,2,0,0,1
672,https://bio.tools/oligowiz,0,2,1,2,1,2,2,0,1
673,https://bio.tools/omega,1,2,1,2,1,2,0,0,1
674,https://bio.tools/omia,1,2,1,2,1,2,2,0,1
675,https://bio.tools/omicsnet,1,2,2,2,2,2,0,0,2
676,https://bio.tools/oncosearch,1,2,1,2,1,2,0,0,1
677,https://bio.tools/oncosplicing,1,2,2,2,2,2,0,0,2
678,https://bio.tools/onesense,0,2,1,2,1,2,2,0,1
679,https://bio.tools/ontoproc,0,2,1,2,1,2,2,0,1
680,https://bio.tools/ontoquestmain,0,2,2,2,2,2,0,0,2
681,https://bio.tools/open-specy,1,2,1,2,1,2,2,0,1
682,https://bio.tools/open_phacts_api,0,2,1,2,1,2,2,0,1
683,https://bio.tools/opossom-browser,1,2,2,2,2,2,0,0,2
684,https://bio.tools/opsef,0,2,2,2,2,2,2,0,2
685,https://bio.tools/optimade,1,2,2,2,2,2,2,0,2
686,https://bio.tools/optimia,1,2,2,2,2,2,0,0,2
687,https://bio.tools/oxdna,1,2,1,2,1,2,2,0,1
688,https://bio.tools/p2rp,1,2,1,2,1,2,0,0,1
689,https://bio.tools/pairagon,0,2,2,2,2,2,0,0,2
690,https://bio.tools/pairgp,0,2,2,2,2,2,0,0,2
691,https://bio.tools/pairtree,0,2,2,2,2,2,0,0,2
692,https://bio.tools/paleomix,1,2,1,2,1,2,0,0,1
693,https://bio.tools/palms,1,2,2,2,2,2,2,0,2
694,https://bio.tools/panacota,0,2,2,2,2,2,0,0,2
695,https://bio.tools/parameciumdb,1,2,1,2,1,2,2,0,1
696,https://bio.tools/particlestats,1,2,1,2,1,2,0,0,1
697,https://bio.tools/pat,1,2,1,2,1,2,0,0,1
698,https://bio.tools/patchdock,1,2,1,2,1,2,0,0,1
699,https://bio.tools/patchfinder,0,2,2,2,2,2,0,0,2
700,https://bio.tools/path2ppi,1,2,1,2,1,2,0,0,1
701,https://bio.tools/pathexpress,1,2,2,2,2,0,0,0,2
702,https://bio.tools/pathostat,0,2,1,2,1,2,2,0,1
703,https://bio.tools/pathway_extraction,1,2,2,2,2,0,0,0,2
704,https://bio.tools/pathway_projector,1,2,1,2,1,2,0,0,1
705,https://bio.tools/patmatdb,0,2,1,2,1,2,2,0,1
706,https://bio.tools/patternlab,1,2,1,2,1,2,0,0,1
707,https://bio.tools/pbeq-solver,1,2,1,2,1,2,0,0,1
708,https://bio.tools/pcalistdb,1,2,2,2,2,2,0,0,2
709,https://bio.tools/pda,1,2,1,2,1,2,0,0,1
710,https://bio.tools/pdbfinder,0,2,1,2,1,2,0,0,1
711,https://bio.tools/pdbsum,1,2,1,2,1,2,0,0,1
712,https://bio.tools/pe_filter,0,2,1,2,1,2,0,0,1
713,https://bio.tools/pease,1,2,1,2,1,2,0,0,1
714,https://bio.tools/pepbonpred,1,2,1,2,1,2,0,0,1
715,https://bio.tools/peptideshaker,0,2,1,2,1,2,2,0,1
716,https://bio.tools/peptidewitch,1,2,2,2,2,2,0,0,2
717,https://bio.tools/petalnet,0,2,1,2,1,2,2,0,1
718,https://bio.tools/pfold,0,2,1,2,1,2,0,0,1
719,https://bio.tools/pfp-fundseqe,1,2,1,2,1,2,0,0,1
720,https://bio.tools/pglyco3,0,2,2,2,2,2,0,0,2
721,https://bio.tools/pgp,0,2,1,2,1,2,2,0,1
722,https://bio.tools/pharmmapper,1,2,2,2,2,0,0,0,2
723,https://bio.tools/phasing,1,2,2,2,2,2,0,0,2
724,https://bio.tools/phemd,1,2,2,2,2,2,0,0,2
725,https://bio.tools/phire,1,2,1,2,1,2,0,0,1
726,https://bio.tools/phplabware,0,2,2,2,2,2,0,0,2
727,https://bio.tools/picardhsmetrics,0,2,1,2,1,2,0,0,1
728,https://bio.tools/pics,1,2,1,2,1,2,2,0,1
729,https://bio.tools/pics2,1,2,2,2,2,2,0,0,2
730,https://bio.tools/pid,0,2,1,2,1,2,0,0,1
731,https://bio.tools/pilon,0,2,2,2,2,2,0,0,2
732,https://bio.tools/pindel,1,2,1,2,1,2,2,0,1
733,https://bio.tools/pirscan,0,2,1,2,1,2,0,0,1
734,https://bio.tools/pita,0,2,1,2,1,2,0,0,1
735,https://bio.tools/pladipus,1,2,1,2,1,2,0,0,1
736,https://bio.tools/plangexq,1,2,2,2,2,2,0,0,2
737,https://bio.tools/plantcare,0,2,1,2,1,2,0,0,1
738,https://bio.tools/plastid,1,2,1,2,1,2,0,0,1
739,https://bio.tools/pleiotropic_variability_score,0,2,2,2,2,2,2,0,2
740,https://bio.tools/plotorf,0,2,1,2,1,2,2,0,1
741,https://bio.tools/pluri-iq,1,2,2,2,2,2,2,0,2
742,https://bio.tools/polymapr,0,2,1,2,1,2,0,0,1
743,https://bio.tools/polyphen,1,2,2,2,2,2,0,0,2
744,https://bio.tools/popins2,0,2,2,2,2,2,2,0,2
745,https://bio.tools/porthomcl,1,2,2,2,2,2,2,0,2
746,https://bio.tools/ports-3d,0,2,1,2,1,0,0,0,1
747,https://bio.tools/posmed,1,2,2,2,2,0,0,0,2
748,https://bio.tools/possumsearch2,0,2,2,2,2,2,0,0,2
749,https://bio.tools/ppfold,0,2,1,2,1,2,0,0,1
750,https://bio.tools/ppiome,1,2,2,2,2,2,0,0,2
751,https://bio.tools/pprint,1,2,2,2,2,2,0,0,2
752,https://bio.tools/pqpq,0,2,1,2,1,2,0,0,1
753,https://bio.tools/pred-lipo,1,2,1,2,1,2,0,0,1
754,https://bio.tools/predector-pathogens,0,2,1,2,1,2,2,0,1
755,https://bio.tools/predictor,1,2,2,2,2,2,0,0,2
756,https://bio.tools/predphogly-site,1,2,1,2,1,2,2,0,1
757,https://bio.tools/pridb,1,2,1,2,1,0,0,0,1
758,https://bio.tools/pride-asa-pipeline,0,2,1,2,1,2,0,0,1
759,https://bio.tools/primaclade,1,2,1,2,1,2,0,0,1
760,https://bio.tools/primerclip,0,2,2,2,2,0,0,0,2
761,https://bio.tools/primerdesign-m,1,2,2,2,2,2,0,0,2
762,https://bio.tools/primerstation,1,2,1,2,1,2,0,0,1
763,https://bio.tools/primo,1,2,1,2,1,2,0,0,1
764,https://bio.tools/proderal,1,2,2,2,2,2,2,0,2
765,https://bio.tools/profia,0,2,1,2,1,2,2,0,1
766,https://bio.tools/promfd,1,2,2,2,2,2,0,0,2
767,https://bio.tools/promocell,0,2,2,2,2,2,0,0,2
768,https://bio.tools/prot2hg,1,2,2,2,2,2,0,0,2
769,https://bio.tools/protTrace,1,2,1,2,1,2,2,0,1
770,https://bio.tools/protein_frustratometer,1,2,1,2,1,0,0,0,1
771,https://bio.tools/psar,1,2,2,2,2,2,0,0,2
772,https://bio.tools/pslid,0,2,2,2,2,2,0,0,2
773,https://bio.tools/psychtestr,0,2,1,2,1,2,2,0,1
774,https://bio.tools/ptmsnp,1,2,2,2,2,2,0,0,2
775,https://bio.tools/pulse,1,2,2,2,2,2,0,0,2
776,https://bio.tools/punctaspecks,1,2,2,2,2,2,0,0,2
777,https://bio.tools/pwmscan,0,2,1,2,1,2,0,0,1
778,https://bio.tools/pyTFA,1,2,1,2,1,2,2,0,1
779,https://bio.tools/pybedgraph,1,2,2,2,2,2,2,0,2
780,https://bio.tools/pyboat,0,2,2,2,2,2,2,0,2
781,https://bio.tools/pyjamas,1,2,2,2,2,2,2,0,2
782,https://bio.tools/pymia,1,2,2,2,2,2,2,0,2
783,https://bio.tools/pyms,1,2,1,2,1,2,0,0,1
784,https://bio.tools/pyseq2500,0,2,2,2,2,2,2,0,2
785,https://bio.tools/qapa,0,2,1,2,1,2,2,0,1
786,https://bio.tools/qmin,0,2,2,2,2,2,2,0,2
787,https://bio.tools/qoma,0,2,2,2,2,2,0,0,2
788,https://bio.tools/qt-clustering-euclidean-distance-jackknife-correlation,1,2,1,2,1,2,0,0,1
789,https://bio.tools/quantifypolarity,0,2,2,2,2,2,0,0,2
790,https://bio.tools/qubic,1,2,1,2,1,2,2,0,1
791,https://bio.tools/quetal,1,2,2,2,2,2,0,0,2
792,https://bio.tools/quickprobs,1,2,2,2,2,2,0,0,2
793,https://bio.tools/quip,1,2,1,2,1,2,2,0,1
794,https://bio.tools/qupe,0,2,1,2,1,2,2,0,1
795,https://bio.tools/r-coffee,1,2,1,2,1,2,0,0,1
796,https://bio.tools/r-qtl,1,2,1,2,1,2,2,0,1
797,https://bio.tools/r_for_cdna,0,2,2,2,2,2,0,0,2
798,https://bio.tools/radatlas,1,2,2,2,2,2,0,0,2
799,https://bio.tools/raiss,0,2,1,2,1,2,2,0,1
800,https://bio.tools/rapid,1,2,2,2,2,2,0,0,2
801,https://bio.tools/raptgen,0,2,2,2,2,2,2,0,2
802,https://bio.tools/rasterdiv,0,2,2,2,2,2,0,0,2
803,https://bio.tools/rawMSA,1,2,2,2,2,2,0,0,2
804,https://bio.tools/rcas,1,2,1,2,1,2,2,0,1
805,https://bio.tools/rcirc,0,2,2,2,2,2,2,0,2
806,https://bio.tools/rdscan,1,2,2,2,2,2,2,0,2
807,https://bio.tools/rdt,1,2,1,2,1,2,2,0,1
808,https://bio.tools/reactionflow,1,2,2,2,2,2,0,0,2
809,https://bio.tools/reading-visualizing-covid19-data,0,2,1,2,1,0,0,0,1
810,https://bio.tools/rebaler,0,2,2,2,2,0,0,0,2
811,https://bio.tools/recognizer,0,2,1,2,1,2,2,0,1
812,https://bio.tools/recoittv,0,2,1,2,1,2,0,0,1
813,https://bio.tools/recount_bioconductor,0,2,1,2,1,2,2,0,1
814,https://bio.tools/reduce,1,2,2,2,2,0,0,0,2
815,https://bio.tools/reframe,1,2,2,2,2,2,0,0,2
816,https://bio.tools/refseq,0,2,1,2,1,2,0,0,1
817,https://bio.tools/rems,0,2,2,2,2,2,2,0,2
818,https://bio.tools/repeatfs,1,2,2,2,2,2,2,0,2
819,https://bio.tools/repgenhmm,1,2,1,2,1,2,2,0,1
820,https://bio.tools/reportingtools,1,2,1,2,1,2,2,0,1
821,https://bio.tools/response,1,2,2,2,2,2,0,0,2
822,https://bio.tools/reupred,1,2,2,2,2,2,0,0,2
823,https://bio.tools/rf-malosite,1,2,2,2,2,2,0,0,2
824,https://bio.tools/rgen,1,2,1,2,1,2,2,0,1
825,https://bio.tools/risk-assessment-plots,0,2,1,2,1,2,0,0,1
826,https://bio.tools/rmrnaseq,1,2,2,2,2,2,2,0,2
827,https://bio.tools/rnits,0,2,1,2,1,2,2,0,1
828,https://bio.tools/rodice,0,2,2,2,2,2,0,0,2
829,https://bio.tools/rosettaes,0,2,1,2,1,2,2,0,1
830,https://bio.tools/rosettamhc,0,2,2,2,2,2,0,0,2
831,https://bio.tools/rqtl,0,2,2,2,2,2,0,0,2
832,https://bio.tools/rre-finder,0,2,2,2,2,2,0,0,2
833,https://bio.tools/rsat,1,2,1,2,1,2,2,0,1
834,https://bio.tools/rtk,0,2,1,2,1,2,0,0,1
835,https://bio.tools/rtn,1,2,1,2,1,2,2,0,1
836,https://bio.tools/rucs,0,2,1,2,1,2,0,0,1
837,https://bio.tools/rvd-variant,1,2,2,2,2,2,0,0,2
838,https://bio.tools/sa-search,1,2,1,2,1,0,0,0,1
839,https://bio.tools/samql,0,2,2,2,2,2,2,0,2
840,https://bio.tools/samsa2,0,2,1,2,1,2,2,0,1
841,https://bio.tools/sarpred,1,2,2,2,2,2,0,0,2
842,https://bio.tools/sasc,1,2,2,2,2,2,2,0,2
843,https://bio.tools/sbioimportBerkeleyMadonna,0,2,1,2,1,0,0,0,1
844,https://bio.tools/scATAC-pro,0,2,2,2,2,2,0,0,2
845,https://bio.tools/scOrange,0,2,1,2,1,2,2,0,1
846,https://bio.tools/scScope,1,2,1,2,1,2,2,0,1
847,https://bio.tools/scapa,1,2,2,2,2,2,2,0,2
848,https://bio.tools/scapadb,1,2,2,2,2,2,0,0,2
849,https://bio.tools/sccaller,0,2,1,2,1,2,2,0,1
850,https://bio.tools/scgmai,1,2,2,2,2,2,0,0,2
851,https://bio.tools/sciga,0,2,2,2,2,0,0,0,2
852,https://bio.tools/sciviewer,0,2,2,2,2,2,2,0,2
853,https://bio.tools/sclapa,0,2,2,2,2,2,0,0,2
854,https://bio.tools/score-gene,1,2,2,2,2,2,2,0,2
855,https://bio.tools/screenbeam,1,2,2,2,2,2,0,0,2
856,https://bio.tools/sctssr,1,2,2,2,2,2,2,0,2
857,https://bio.tools/scvae,1,2,2,2,2,2,2,0,2
858,https://bio.tools/sea,1,2,1,2,1,2,0,0,1
859,https://bio.tools/segcnv,1,2,2,2,2,2,0,0,2
860,https://bio.tools/segmentor,0,2,2,2,2,2,2,0,2
861,https://bio.tools/selecthitscore,0,2,1,2,1,2,0,0,1
862,https://bio.tools/selenoprofiles3,0,2,1,2,1,2,2,0,1
863,https://bio.tools/semanticcs,1,2,2,2,2,2,0,0,2
864,https://bio.tools/semanticgo,1,2,2,2,2,2,0,0,2
865,https://bio.tools/seqassem,0,2,2,2,2,0,0,0,2
866,https://bio.tools/seqenhdl,0,2,2,2,2,2,0,0,2
867,https://bio.tools/seqexpress,0,2,2,2,2,2,0,0,2
868,https://bio.tools/seqstrap,0,2,2,2,2,0,0,0,2
869,https://bio.tools/seqtk,1,2,2,2,2,2,2,0,2
870,https://bio.tools/sequoia_visual,1,2,2,2,2,2,2,0,2
871,https://bio.tools/serpentine,1,2,2,2,2,2,0,0,2
872,https://bio.tools/shamsaraj,1,2,2,2,2,2,0,0,2
873,https://bio.tools/sidr,0,2,1,2,1,2,0,0,1
874,https://bio.tools/sigfeature,1,2,2,2,2,2,2,0,2
875,https://bio.tools/similarity-index-genetic-band-profiles,0,2,1,2,1,0,0,0,1
876,https://bio.tools/simld,1,2,2,2,2,2,0,0,2
877,https://bio.tools/simrvpedigree,0,2,2,2,2,2,0,0,2
878,https://bio.tools/simurare,1,2,2,2,2,2,0,0,2
879,https://bio.tools/sip,1,2,2,2,2,2,0,0,2
880,https://bio.tools/skipseq,0,2,1,2,1,2,2,0,1
881,https://bio.tools/sliq,1,2,2,2,2,2,0,0,2
882,https://bio.tools/slush-biojs,0,2,1,2,1,2,0,0,1
883,https://bio.tools/smartar,1,2,2,2,2,2,0,0,2
884,https://bio.tools/snowball-ica,1,2,2,2,2,2,0,0,2
885,https://bio.tools/snpeff,1,2,1,2,1,2,0,0,1
886,https://bio.tools/snpsplicer,1,2,2,2,2,2,0,0,2
887,https://bio.tools/sort2,1,2,1,2,1,2,0,0,1
888,https://bio.tools/soyfungigcn,1,2,2,2,2,2,2,0,2
889,https://bio.tools/sparcs,1,2,2,2,2,2,2,0,2
890,https://bio.tools/spdh,1,2,2,2,2,2,0,0,2
891,https://bio.tools/speedy-inverse-radon-transform,0,2,1,2,1,0,0,0,1
892,https://bio.tools/spider-barcoding,1,2,2,2,2,2,0,0,2
893,https://bio.tools/spongescan,1,2,2,2,2,2,0,0,2
894,https://bio.tools/spot-struct-dna,0,2,2,2,2,2,0,0,2
895,https://bio.tools/spottool,0,2,2,2,2,0,2,0,2
896,https://bio.tools/spsimseq,1,2,2,2,2,2,0,0,2
897,https://bio.tools/squadd,0,2,1,2,1,2,2,0,1
898,https://bio.tools/squidlab,1,2,2,2,2,2,0,0,2
899,https://bio.tools/ssber,1,2,1,2,1,2,0,0,1
900,https://bio.tools/sstructview,1,2,1,2,1,2,0,0,1
901,https://bio.tools/ssviz,0,2,1,2,1,2,2,0,1
902,https://bio.tools/stallion,1,2,1,2,1,2,0,0,1
903,https://bio.tools/standard-deviation-filter,0,2,1,2,1,0,0,0,1
904,https://bio.tools/straitrazor,1,2,2,2,2,2,2,0,2
905,https://bio.tools/strider,0,2,2,2,2,2,0,0,2
906,https://bio.tools/stutility,1,2,2,2,2,2,0,0,2
907,https://bio.tools/sugarbind,1,2,1,2,1,2,0,0,1
908,https://bio.tools/sugsvarsel,1,2,2,2,2,2,0,0,2
909,https://bio.tools/superhirn,0,2,2,2,2,2,0,0,2
910,https://bio.tools/survcomp,1,2,1,2,1,2,2,0,1
911,https://bio.tools/sv-callers,1,2,1,2,1,2,2,0,1
912,https://bio.tools/svd-phy,1,2,2,2,2,2,0,0,2
913,https://bio.tools/svm-prot,1,2,1,2,1,2,0,0,1
914,https://bio.tools/switchde,0,2,1,2,1,2,2,0,1
915,https://bio.tools/syapse,0,2,1,2,1,0,0,0,1
916,https://bio.tools/synonymousmutationgenerator,0,2,2,2,2,2,0,0,2
917,https://bio.tools/t-cov,1,2,2,2,2,2,2,0,2
918,https://bio.tools/tCNNS,1,2,2,2,2,2,0,0,2
919,https://bio.tools/tabusearch,1,2,2,2,2,2,0,0,2
920,https://bio.tools/tact,1,2,2,2,2,0,0,0,2
921,https://bio.tools/tactile_glove,1,2,2,2,2,2,2,0,2
922,https://bio.tools/tadpole,1,2,2,2,2,2,2,0,2
923,https://bio.tools/tag-db,0,2,2,2,2,2,0,0,2
924,https://bio.tools/tagdust,1,2,1,2,1,0,2,0,1
925,https://bio.tools/tapyr,1,2,1,2,1,2,2,0,1
926,https://bio.tools/tarfisdock,1,2,2,2,2,0,0,0,2
927,https://bio.tools/taro,1,2,2,2,2,0,0,0,2
928,https://bio.tools/taverna,1,2,2,2,2,2,0,0,2
929,https://bio.tools/tax2tree,0,2,2,2,2,2,0,0,2
930,https://bio.tools/tcr_epItope_bimodal_attention_networks,1,2,2,2,2,2,2,0,2
931,https://bio.tools/tefinder,0,2,2,2,2,2,0,0,2
932,https://bio.tools/tensorflow,1,2,2,2,2,2,0,0,2
933,https://bio.tools/ternarynet,1,2,1,2,1,2,2,0,1
934,https://bio.tools/texmed,0,2,2,2,2,2,0,0,2
935,https://bio.tools/three_to_one,1,2,1,2,1,2,0,0,1
936,https://bio.tools/thyme,1,2,1,2,1,2,0,0,1
937,https://bio.tools/tiger,1,2,2,2,2,2,0,0,2
938,https://bio.tools/tikal,1,2,2,2,2,2,0,0,2
939,https://bio.tools/timat2,0,2,1,2,1,2,2,0,1
940,https://bio.tools/timeomics,1,2,2,2,2,2,2,0,2
941,https://bio.tools/tinker-hp,1,2,1,2,1,2,0,0,1
942,https://bio.tools/tison,0,2,1,2,1,2,2,0,1
943,https://bio.tools/tmap-visual,0,2,2,2,2,2,0,0,2
944,https://bio.tools/tmp-ssurface2,1,2,1,2,1,2,0,0,1
945,https://bio.tools/toast-alignment,1,2,2,2,2,2,2,0,2
946,https://bio.tools/tobrfv,1,2,2,2,2,2,0,0,2
947,https://bio.tools/tool_recommender_system_in_galaxy_using_deep_learning,0,2,2,2,2,0,0,0,2
948,https://bio.tools/topofilter,1,2,2,2,2,2,2,0,2
949,https://bio.tools/totalview,0,2,1,2,1,2,2,0,1
950,https://bio.tools/tox21bodymap,1,2,2,2,2,2,0,0,2
951,https://bio.tools/trac,0,2,2,2,2,2,0,0,2
952,https://bio.tools/transpi,0,2,2,2,2,2,0,0,2
953,https://bio.tools/trapr,1,2,1,2,1,2,2,0,1
954,https://bio.tools/trendcatcher,0,2,1,2,1,2,0,0,1
955,https://bio.tools/trimmomatic,1,2,1,2,1,2,0,0,1
956,https://bio.tools/tripal,1,2,1,2,1,2,0,0,1
957,https://bio.tools/trnadb-ce,1,2,1,2,1,2,0,0,1
958,https://bio.tools/trowel,1,2,2,2,2,2,0,0,2
959,https://bio.tools/truhmm,0,2,2,2,2,2,0,0,2
960,https://bio.tools/tsir,0,2,1,2,1,2,0,0,1
961,https://bio.tools/tsportnet,1,2,2,2,2,2,0,0,2
962,https://bio.tools/turbonorm,1,2,1,2,1,2,2,0,1
963,https://bio.tools/uc2,0,2,2,2,2,2,0,0,2
964,https://bio.tools/ucscxenatools,0,2,2,2,2,2,2,0,2
965,https://bio.tools/unccombo,1,2,2,2,2,2,2,0,2
966,https://bio.tools/unicarb-db,0,2,1,2,1,2,0,0,1
967,https://bio.tools/unipop,1,2,2,2,2,2,0,0,2
968,https://bio.tools/use,0,2,2,2,2,2,2,0,2
969,https://bio.tools/ushr,1,2,2,2,2,2,2,0,2
970,https://bio.tools/vapros,1,2,1,2,1,2,0,0,1
971,https://bio.tools/vardict,0,2,1,2,1,2,0,0,1
972,https://bio.tools/variantmetacaller,1,2,1,2,1,2,0,0,1
973,https://bio.tools/varlociraptor,0,2,2,2,2,2,0,0,2
974,https://bio.tools/varscan,1,2,1,2,1,2,0,0,1
975,https://bio.tools/vcppt,0,2,2,2,2,2,0,0,2
976,https://bio.tools/vega-hub,1,2,2,2,2,2,0,0,2
977,https://bio.tools/verifybamid,0,2,1,2,1,2,2,0,1
978,https://bio.tools/vessel-branch-segmentation,0,2,1,2,1,0,0,0,1
979,https://bio.tools/vienna-ptm,1,2,1,2,1,2,0,0,1
980,https://bio.tools/vimeo,1,2,2,2,2,2,0,0,2
981,https://bio.tools/viralrecall,0,2,2,2,2,2,0,0,2
982,https://bio.tools/virushunter,0,2,2,2,2,2,0,0,2
983,https://bio.tools/vphylomm,1,2,2,2,2,2,0,0,2
984,https://bio.tools/webproanalyst,1,2,1,2,1,2,0,0,1
985,https://bio.tools/wft4galaxy,0,2,1,2,1,2,0,0,1
986,https://bio.tools/wheat_genome,0,2,1,2,1,2,0,0,1
987,https://bio.tools/wise2dba,0,2,1,2,1,2,0,0,1
988,https://bio.tools/worms,0,2,2,2,2,2,0,0,2
989,https://bio.tools/wossname,0,2,1,2,1,2,2,0,1
990,https://bio.tools/xg-ac4c,1,2,2,2,2,2,0,0,2
991,https://bio.tools/xgr,1,2,1,2,1,2,2,0,1
992,https://bio.tools/xml2raf,0,2,2,2,2,0,0,0,2
993,https://bio.tools/xpore,0,2,2,2,2,2,2,0,2
994,https://bio.tools/xylotron,1,2,2,2,2,2,0,0,2
995,https://bio.tools/yagm,1,2,1,2,1,2,0,0,1
996,https://bio.tools/ypibp,1,2,1,2,1,2,0,0,1
997,https://bio.tools/zdock,1,2,2,2,2,2,0,0,2
998,https://bio.tools/zebrashare,1,2,1,2,1,2,0,0,1
999,https://bio.tools/zikavid,1,2,2,2,2,2,0,0,2
